wort;artikel;silben;trennung;wortart;gruppe;bild;bedeutung;satz;liste
Bach;der;Bach;Bach;Nomen;;;;;Merkwörter Klasse 2
Forelle;die;Fo-rel-le;Fo-rel-le;Nomen;;;;;Merkwörter Klasse 2
Zorn;der;Zorn;Zorn;Nomen;;;;;Merkwörter Klasse 2
Efeu;der;E-feu;Efeu;Nomen;;;eine Kletterpflanze mit immergrünen Blättern;An der Mauer wächst dichter Efeu.;Merkwörter Klasse 2
Mühle;die;Müh-le;Müh-le;Nomen;;;;;Merkwörter Klasse 2
Hering;der;He-ring;He-ring;Nomen;;;;;Merkwörter Klasse 2
Hieb;der;Hieb;Hieb;Nomen;;;ein kräftiger Schlag;Mit einem Hieb spaltete er das Holz.;Merkwörter Klasse 2
Getreide;das;Ge-trei-de;Ge-trei-de;Nomen;;;;;Merkwörter Klasse 2
Pflanze;die;Pflan-ze;Pflan-ze;Nomen;;;;;Merkwörter Klasse 2
Gras;das;Gras;Gras;Nomen;;;;;Merkwörter Klasse 2
Korn;das;Korn;Korn;Nomen;;;;;Merkwörter Klasse 2
Bestandteil;der;Be-stand-teil;Be-stand-teil;Nomen;;;ein Teil, aus dem etwas zusammengesetzt ist;Mehl ist ein wichtiger Bestandteil des Teigs.;Merkwörter Klasse 2
Mais;der;Mais;Mais;Nomen;;;;;Merkwörter Klasse 2
Roggen;der;Rog-gen;Rog-gen;Nomen;;;eine Getreideart, aus der dunkles Brot gebacken wird;Aus Roggen backt man dunkles Brot.;Merkwörter Klasse 2
Nahrung;die;Nah-rung;Nah-rung;Nomen;;;;;Merkwörter Klasse 2
Lebensmittel;die;Le-bens-mit-tel;Le-bens-mit-tel;Nomen;;;;;Merkwörter Klasse 2
Feld;das;Feld;Feld;Nomen;;;;;Merkwörter Klasse 2
mahlen;;mah-len;mah-len;Verb;;;;;Merkwörter Klasse 2
verarbeiten;;ver-ar-bei-ten;ver-ar-bei-ten;Verb;;;;;Merkwörter Klasse 2
bekannt;;be-kannt;be-kannt;Adjektiv;;;;;Merkwörter Klasse 2
Vortrag;der;Vor-trag;Vor-trag;Nomen;;;wenn jemand vor anderen über ein Thema spricht;Lina hält einen Vortrag über Pinguine.;Merkwörter Klasse 2
vor;;vor;vor;anderes;;;;;Merkwörter Klasse 2
Verben;;Ver-ben;Ver-ben;Nomen;;;;;Merkwörter Klasse 2
Vier;;Vier;Vier;Zahlwort;;;;;Merkwörter Klasse 2
Pavian;der;Pa-vi-an;Pa-vi-an;Nomen;;;ein Affe mit langer Schnauze, der in Afrika lebt;Der Pavian sitzt auf einem Felsen.;Merkwörter Klasse 2
Video;das;Vi-de-o;Vi-deo;Nomen;;;;;Merkwörter Klasse 2
Kurve;die;Kur-ve;Kur-ve;Nomen;;;;;Merkwörter Klasse 2
Vokale;die;Vo-ka-le;Vo-ka-le;Nomen;;;die Selbstlaute a, e, i, o und u;In dem Wort Banane stehen drei Vokale.;Merkwörter Klasse 2
vielen;;vie-len;vie-len;Zahlwort;;;;;Merkwörter Klasse 2
voll;;voll;voll;Adjektiv;;;;;Merkwörter Klasse 2
Viper;die;Vi-per;Vi-per;Nomen;;;eine giftige Schlange;Die Viper versteckt sich unter einem Stein.;Merkwörter Klasse 2
verschiedenen;;ver-schie-de-nen;ver-schie-de-nen;anderes;;;;;Merkwörter Klasse 2
Luchs;der;Luchs;Luchs;Nomen;;;eine Wildkatze mit Pinseln an den Ohren;Der Luchs schleicht durch den Wald.;Merkwörter Klasse 2
Experte;der;Ex-per-te;Ex-per-te;Nomen;;;;;Merkwörter Klasse 2
Lachs;der;Lachs;Lachs;Nomen;;;;;Merkwörter Klasse 2
Mixer;der;Mi-xer;Mi-xer;Nomen;;;;;Merkwörter Klasse 2
Nixe;die;Ni-xe;Ni-xe;Nomen;;;;;Merkwörter Klasse 2
Fuchs;der;Fuchs;Fuchs;Nomen;;;;;Merkwörter Klasse 2
Ochse;der;Och-se;Och-se;Nomen;;;ein männliches Rind, das schwere Lasten zieht;Der Ochse zieht den Wagen über das Feld.;Merkwörter Klasse 2
Axt;die;Axt;Axt;Nomen;;;;;Merkwörter Klasse 2
Pfosten;der;Pfos-ten;Pfos-ten;Nomen;;;ein senkrecht stehender Balken;Der Zaun hängt an einem morschen Pfosten.;Merkwörter Klasse 2
Camping;;Cam-ping;Cam-ping;Nomen;;;;;Merkwörter Klasse 2
Zelt;das;Zelt;Zelt;Nomen;;;;;Merkwörter Klasse 2
Fernglas;das;Fern-glas;Fern-glas;Nomen;;;;;Merkwörter Klasse 2
Vogel;der;Vo-gel;Vo-gel;Nomen;;;;;Merkwörter Klasse 2
Holz;das;Holz;Holz;Nomen;;;;;Merkwörter Klasse 2
Lagerfeuer;das;La-ger-feu-er;La-ger-feu-er;Nomen;;;;;Merkwörter Klasse 2
Schlafsack;der;Schlaf-sack;Schlaf-sack;Nomen;;;;;Merkwörter Klasse 2
Vater;der;Va-ter;Va-ter;Nomen;;;;;Merkwörter Klasse 2
heute;;heu-te;heu-te;anderes;;;;;Merkwörter Klasse 2
mitbringen;;mit-brin-gen;mit-brin-gen;Verb;;;;;Merkwörter Klasse 2
einpacken;;ein-pa-cken;ein-pa-cken;Verb;;;;;Merkwörter Klasse 2
trocken;;tro-cken;tro-cken;Adjektiv;;;;;Merkwörter Klasse 2
Zapfen;der;Zap-fen;Zap-fen;Nomen;;;;;Merkwörter Klasse 2
Lärche;die;Lär-che;Lär-che;Nomen;;;ein Nadelbaum, der im Herbst seine Nadeln verliert;Die Lärche verliert im Herbst ihre Nadeln.;Merkwörter Klasse 2
gedeihen;;ge-dei-hen;ge-dei-hen;Verb;;;;;Merkwörter Klasse 2
egoistisch;;e-go-is-tisch;ego-is-tisch;Adjektiv;;;;;Merkwörter Klasse 2
feige;;fei-ge;fei-ge;Adjektiv;;;;;Merkwörter Klasse 2
Brauchtum;das;Brauch-tum;Brauch-tum;Nomen;;;alte Sitten und Feste, die immer wieder gefeiert werden;Zu unserem Brauchtum gehören viele Feste.;Merkwörter Klasse 2
Seele;die;See-le;See-le;Nomen;;;;;Merkwörter Klasse 2
Begriff;der;Be-griff;Be-griff;Nomen;;;ein Wort für eine Sache oder eine Idee;Für diesen Begriff gibt es eine einfache Erklärung.;Merkwörter Klasse 2
Kelten;die;Kel-ten;Kel-ten;Nomen;;;ein Volk, das früher in Europa lebte;Die Kelten lebten vor sehr langer Zeit in Europa.;Merkwörter Klasse 2
Sommer;der;Som-mer;Som-mer;Nomen;;;;;Merkwörter Klasse 2
Festlichkeit;die;Fest-lich-keit;Fest-lich-keit;Nomen;;;eine Feier zu einem besonderen Anlass;Zur Festlichkeit kamen viele Gäste.;Merkwörter Klasse 2
verkleiden;;ver-klei-den;ver-klei-den;Verb;;;;;Merkwörter Klasse 2
verstecken;;ver-ste-cken;ver-ste-cken;Verb;;;;;Merkwörter Klasse 2
kommen;;kom-men;kom-men;Verb;;;;;Merkwörter Klasse 2
gruselig;;gru-se-lig;gru-se-lig;Adjektiv;;;;;Merkwörter Klasse 2
schnitzen;;schnit-zen;schnit-zen;Verb;;;;;Merkwörter Klasse 2
gespenstisch;;ge-spens-tisch;ge-spens-tisch;Adjektiv;;;;;Merkwörter Klasse 2
Vorfahre;der;Vor-fah-re;Vor-fah-re;Nomen;;;jemand aus der eigenen Familie, der lange vor einem gelebt hat;Mein Vorfahre lebte in diesem Dorf.;Merkwörter Klasse 2
Hund;der;Hund;Hund;Nomen;;;;;Merkwörter Klasse 2
Jahr;das;Jahr;Jahr;Nomen;;;;;Merkwörter Klasse 2
Fell;das;Fell;Fell;Nomen;;;;;Merkwörter Klasse 2
Rasse;die;Ras-se;Ras-se;Nomen;;;;;Merkwörter Klasse 2
Norden;;Nor-den;Nor-den;Nomen;;;;;Merkwörter Klasse 2
Geruchssinn;der;Ge-ruchs-sinn;Ge-ruchs-sinn;Nomen;;;die Fähigkeit, Dinge zu riechen;Der Hund hat einen sehr guten Geruchssinn.;Merkwörter Klasse 2
ausprägen;;aus-prä-gen;aus-prä-gen;Verb;;;;;Merkwörter Klasse 2
zähmen;;zäh-men;zäh-men;Verb;;;;;Merkwörter Klasse 2
hervorragend;;her-vor-ra-gend;her-vor-ra-gend;Adjektiv;;;;;Merkwörter Klasse 2
weiß;;weiß;weiß;Adjektiv;;;;;Merkwörter Klasse 2
europäisch;;eu-ro-pä-isch;eu-ro-pä-isch;Adjektiv;;;;;Merkwörter Klasse 2
November;der;No-vem-ber;No-vem-ber;Nomen;;;;;Merkwörter Klasse 2
Temperatur;die;Tem-pe-ra-tur;Tem-pe-ra-tur;Nomen;;;;;Merkwörter Klasse 2
Wetter;das;Wet-ter;Wet-ter;Nomen;;;;;Merkwörter Klasse 2
Wind;der;Wind;Wind;Nomen;;;;;Merkwörter Klasse 2
Tee;der;Tee;Tee;Nomen;;;;;Merkwörter Klasse 2
sinken;;sin-ken;sin-ken;Verb;;;;;Merkwörter Klasse 2
fröhlich;;fröh-lich;fröh-lich;Adjektiv;;;;;Merkwörter Klasse 2
draußen;;drau-ßen;drau-ßen;anderes;;;;;Merkwörter Klasse 2
anziehen;;an-zie-hen;an-zie-hen;Verb;;;;;Merkwörter Klasse 2
viele;;vie-le;vie-le;Zahlwort;;;;;Merkwörter Klasse 2
heiß;;heiß;heiß;Adjektiv;;;;;Merkwörter Klasse 2
Kaffee;der;Kaf-fee;Kaf-fee;Nomen;;;;;Merkwörter Klasse 2
Plätzchen;die;Plätz-chen;Plätz-chen;Nomen;;;;;Merkwörter Klasse 2
Utensilien;die;U-ten-si-li-en;Uten-si-li-en;Nomen;;;Dinge, die man für eine Arbeit braucht;Zum Backen legen wir alle Utensilien bereit.;Merkwörter Klasse 2
Rezept;das;Re-zept;Re-zept;Nomen;;;;;Merkwörter Klasse 2
Arbeitsfläche;die;Ar-beits-flä-che;Ar-beits-flä-che;Nomen;;;;;Merkwörter Klasse 2
Zutaten;die;Zu-ta-ten;Zu-ta-ten;Nomen;;;;;Merkwörter Klasse 2
Rührschüssel;die;Rühr-schüs-sel;Rühr-schüs-sel;Nomen;;;eine große Schüssel, in der man Teig rührt;Der Teig kommt in die Rührschüssel.;Merkwörter Klasse 2
Teig;der;Teig;Teig;Nomen;;;;;Merkwörter Klasse 2
Kühlschrank;der;Kühl-schrank;Kühl-schrank;Nomen;;;;;Merkwörter Klasse 2
Backofen;der;Back-o-fen;Back-ofen;Nomen;;;;;Merkwörter Klasse 2
rollen;;rol-len;rol-len;Verb;;;;;Merkwörter Klasse 2
liegen;;lie-gen;lie-gen;Verb;;;;;Merkwörter Klasse 2
bemehlen;;be-meh-len;be-meh-len;Verb;;;;;Merkwörter Klasse 2
ausstechen;;aus-ste-chen;aus-ste-chen;Verb;;;;;Merkwörter Klasse 2
zunächst;;zu-nächst;zu-nächst;anderes;;;;;Merkwörter Klasse 2
Bäcker;der;Bä-cker;Bä-cker;Nomen;;;;;Merkwörter Klasse 2
Notizen;die;No-ti-zen;No-ti-zen;Nomen;;;;;Merkwörter Klasse 2
Rezeptbuch;das;Re-zept-buch;Re-zept-buch;Nomen;;;;;Merkwörter Klasse 2
Tanz;der;Tanz;Tanz;Nomen;;;;;Merkwörter Klasse 2
Dezember;der;De-zem-ber;De-zem-ber;Nomen;;;;;Merkwörter Klasse 2
Schmerzen;die;Schmer-zen;Schmer-zen;Nomen;;;;;Merkwörter Klasse 2
Medizin;die;Me-di-zin;Me-di-zin;Nomen;;;;;Merkwörter Klasse 2
Pfütze;die;Pfüt-ze;Pfüt-ze;Nomen;;;;;Merkwörter Klasse 2
hacken;;ha-cken;ha-cken;Verb;;;;;Merkwörter Klasse 2
Katze;die;Kat-ze;Kat-ze;Nomen;;;;;Merkwörter Klasse 2
stolzieren;;stol-zie-ren;stol-zie-ren;Verb;;;;;Merkwörter Klasse 2
glücklich;;glück-lich;glück-lich;Adjektiv;;;;;Merkwörter Klasse 2
Stücke;die;Stü-cke;Stü-cke;Nomen;;;;;Merkwörter Klasse 2
Sack;der;Sack;Sack;Nomen;;;;;Merkwörter Klasse 2
Lack;der;Lack;Lack;Nomen;;;;;Merkwörter Klasse 2
Frack;der;Frack;Frack;Nomen;;;ein feiner schwarzer Anzug mit langen Schößen hinten;Der Zauberer trägt einen schwarzen Frack.;Merkwörter Klasse 2
necken;;ne-cken;ne-cken;Verb;;;;;Merkwörter Klasse 2
Zecken;die;Ze-cken;Ze-cken;Nomen;;;;;Merkwörter Klasse 2
stecken;;ste-cken;ste-cken;Verb;;;;;Merkwörter Klasse 2
Glück;das;Glück;Glück;Nomen;;;;;Merkwörter Klasse 2
Stück;das;Stück;Stück;Nomen;;;;;Merkwörter Klasse 2
zurück;;zu-rück;zu-rück;anderes;;;;;Merkwörter Klasse 2
Socken;die;So-cken;So-cken;Nomen;;;;;Merkwörter Klasse 2
Locken;die;Lo-cken;Lo-cken;Nomen;;;;;Merkwörter Klasse 2
hocken;;ho-cken;ho-cken;Verb;;;;;Merkwörter Klasse 2
sitzen;;sit-zen;sit-zen;Verb;;;;;Merkwörter Klasse 2
ritzen;;rit-zen;rit-zen;Verb;;;;;Merkwörter Klasse 2
Satz;der;Satz;Satz;Nomen;;;;;Merkwörter Klasse 2
Schatz;der;Schatz;Schatz;Nomen;;;;;Merkwörter Klasse 2
Spatz;der;Spatz;Spatz;Nomen;;;ein kleiner brauner Vogel, auch Sperling genannt;Ein Spatz pickt Krümel vom Boden.;Merkwörter Klasse 2
schützen;;schüt-zen;schüt-zen;Verb;;;;;Merkwörter Klasse 2
nützen;;nüt-zen;nüt-zen;Verb;;;;;Merkwörter Klasse 2
Mützen;die;Müt-zen;Müt-zen;Nomen;;;;;Merkwörter Klasse 2
Witze;die;Wit-ze;Wit-ze;Nomen;;;;;Merkwörter Klasse 2
Spritze;die;Sprit-ze;Sprit-ze;Nomen;;;;;Merkwörter Klasse 2
Blitze;die;Blit-ze;Blit-ze;Nomen;;;;;Merkwörter Klasse 2
Advent;der;Ad-vent;Ad-vent;Nomen;;;die vier Wochen vor Weihnachten;Im Advent zünden wir jede Woche eine Kerze an.;Merkwörter Klasse 2
Tannenzweige;die;Tan-nen-zwei-ge;Tan-nen-zwei-ge;Nomen;;;;;Merkwörter Klasse 2
strahlend;;strah-lend;strah-lend;Adjektiv;;;;;Merkwörter Klasse 2
backen;;ba-cken;ba-cken;Verb;;;;;Merkwörter Klasse 2
schmücken;;schmü-cken;schmü-cken;Verb;;;;;Merkwörter Klasse 2
Lichterkette;die;Lich-ter-ket-te;Lich-ter-ket-te;Nomen;;;;;Merkwörter Klasse 2
leuchten;;leuch-ten;leuch-ten;Verb;;;;;Merkwörter Klasse 2
Lehrerin;die;Leh-re-rin;Leh-re-rin;Nomen;;;;;Merkwörter Klasse 2
außerdem;;au-ßer-dem;au-ßer-dem;anderes;;;;;Merkwörter Klasse 2
Weihnachtsbräuche;die;Weih-nachts-bräu-che;Weih-nachts-bräu-che;Nomen;;;;;Merkwörter Klasse 2
unterschiedlich;;un-ter-schied-lich;un-ter-schied-lich;Adjektiv;;;;;Merkwörter Klasse 2
Länder;die;Län-der;Län-der;Nomen;;;;;Merkwörter Klasse 2
freuen;;freu-en;freu-en;Verb;;;;;Merkwörter Klasse 2
Satellit;der;Sa-tel-lit;Sa-tel-lit;Nomen;;;ein Gerät, das um die Erde kreist;Der Satellit sendet Bilder zur Erde.;Merkwörter Klasse 2
Ufo;das;U-fo;Ufo;Nomen;;;;;Merkwörter Klasse 2
Meteorit;der;Me-te-o-rit;Me-te-o-rit;Nomen;;;ein Gesteinsbrocken aus dem All, der auf die Erde fällt;Ein Meteorit schlug im Wüstensand ein.;Merkwörter Klasse 2
Alien;das;A-li-en;Ali-en;Nomen;;;;;Merkwörter Klasse 2
Weltall;das;Welt-all;Welt-all;Nomen;;;der unendlich große Raum außerhalb der Erde;Im Weltall gibt es unzählige Sterne.;Merkwörter Klasse 2
Rakete;die;Ra-ke-te;Ra-ke-te;Nomen;;;;;Merkwörter Klasse 2
Schnee;der;Schnee;Schnee;Nomen;;;;;Merkwörter Klasse 2
Freunde;die;Freun-de;Freun-de;Nomen;;;;;Merkwörter Klasse 2
Sonntag;der;Sonn-tag;Sonn-tag;Nomen;;;;;Merkwörter Klasse 2
Treffpunkt;der;Treff-punkt;Treff-punkt;Nomen;;;;;Merkwörter Klasse 2
pünktlich;;pünkt-lich;pünkt-lich;Adjektiv;;;;;Merkwörter Klasse 2
Materialien;die;Ma-te-ri-a-li-en;Ma-te-ri-a-li-en;Nomen;;;;;Merkwörter Klasse 2
Vorkehrungen;die;Vor-keh-run-gen;Vor-keh-run-gen;Nomen;;;Dinge, die man vorher vorbereitet;Wir treffen Vorkehrungen für den Ausflug.;Merkwörter Klasse 2
dick;;dick;dick;Adjektiv;;;;;Merkwörter Klasse 2
Karotte;die;Ka-rot-te;Ka-rot-te;Nomen;;;;;Merkwörter Klasse 2
vortrefflich;;vor-treff-lich;vor-treff-lich;Adjektiv;;;;;Merkwörter Klasse 2
Kohlestücke;die;Koh-le-stü-cke;Koh-le-stü-cke;Nomen;;;;;Merkwörter Klasse 2
Öffnung;die;Öff-nung;Öff-nung;Nomen;;;;;Merkwörter Klasse 2
Leibgericht;das;Leib-ge-richt;Leib-ge-richt;Nomen;;;das Lieblingsessen von jemandem;Nudeln mit Soße sind mein Leibgericht.;Merkwörter Klasse 2
Geburtstag;der;Ge-burts-tag;Ge-burts-tag;Nomen;;;;;Merkwörter Klasse 2
serviert;;ser-viert;ser-viert;Adjektiv;;;;;Merkwörter Klasse 2
Brot;das;Brot;Brot;Nomen;;;;;Merkwörter Klasse 2
Postamt;das;Post-amt;Post-amt;Nomen;;;;;Merkwörter Klasse 2
Wand;die;Wand;Wand;Nomen;;;;;Merkwörter Klasse 2
Kleid;das;Kleid;Kleid;Nomen;;;;;Merkwörter Klasse 2
bald;;bald;bald;anderes;;;;;Merkwörter Klasse 2
Kind;das;Kind;Kind;Nomen;;;;;Merkwörter Klasse 2
Berg;der;Berg;Berg;Nomen;;;;;Merkwörter Klasse 2
Korb;der;Korb;Korb;Nomen;;;;;Merkwörter Klasse 2
Blut;das;Blut;Blut;Nomen;;;;;Merkwörter Klasse 2
Wut;die;Wut;Wut;Nomen;;;;;Merkwörter Klasse 2
Sand;der;Sand;Sand;Nomen;;;;;Merkwörter Klasse 2
Bild;das;Bild;Bild;Nomen;;;;;Merkwörter Klasse 2
Wort;das;Wort;Wort;Nomen;;;;;Merkwörter Klasse 2
Pferd;das;Pferd;Pferd;Nomen;;;;;Merkwörter Klasse 2
Zeit;die;Zeit;Zeit;Nomen;;;;;Merkwörter Klasse 2
Rad;das;Rad;Rad;Nomen;;;;;Merkwörter Klasse 2
Welt;die;Welt;Welt;Nomen;;;;;Merkwörter Klasse 2
Hemd;das;Hemd;Hemd;Nomen;;;;;Merkwörter Klasse 2
Bank;die;Bank;Bank;Nomen;;;;;Merkwörter Klasse 2
Schrank;der;Schrank;Schrank;Nomen;;;;;Merkwörter Klasse 2
Tag;der;Tag;Tag;Nomen;;;;;Merkwörter Klasse 2
Zeitung;die;Zei-tung;Zei-tung;Nomen;;;;;Merkwörter Klasse 2
Flug;der;Flug;Flug;Nomen;;;;;Merkwörter Klasse 2
Burg;die;Burg;Burg;Nomen;;;;;Merkwörter Klasse 2
Käfig;der;Kä-fig;Kä-fig;Nomen;;;;;Merkwörter Klasse 2
Freund;der;Freund;Freund;Nomen;;;;;Merkwörter Klasse 2
Flugzeug;das;Flug-zeug;Flug-zeug;Nomen;;;;;Merkwörter Klasse 2
Sieb;das;Sieb;Sieb;Nomen;;;;;Merkwörter Klasse 2
Ring;der;Ring;Ring;Nomen;;;;;Merkwörter Klasse 2
Lied;das;Lied;Lied;Nomen;;;;;Merkwörter Klasse 2
Zwerg;der;Zwerg;Zwerg;Nomen;;;;;Merkwörter Klasse 2
Lob;das;Lob;Lob;Nomen;;;;;Merkwörter Klasse 2
Quadrat;das;Qua-drat;Qua-drat;Nomen;;;;;Merkwörter Klasse 2
Qualmen;das;Qual-men;Qual-men;Nomen;;;;;Merkwörter Klasse 2
Quiz;das;Quiz;Quiz;Nomen;;;;;Merkwörter Klasse 2
Quark;der;Quark;Quark;Nomen;;;;;Merkwörter Klasse 2
überqueren;;ü-ber-que-ren;über-que-ren;Verb;;;;;Merkwörter Klasse 2
Quirl;der;Quirl;Quirl;Nomen;;;ein Küchengerät zum Rühren;Mit dem Quirl rührt Papa die Soße.;Merkwörter Klasse 2
quieken;;quie-ken;quie-ken;Verb;;;;;Merkwörter Klasse 2
Quittung;die;Quit-tung;Quit-tung;Nomen;;;;;Merkwörter Klasse 2
quatschen;;quat-schen;quat-schen;Verb;;;;;Merkwörter Klasse 2
Quitte;die;Quit-te;Quit-te;Nomen;;;eine harte gelbe Frucht, die gekocht wird;Aus der Quitte kocht Oma Gelee.;Merkwörter Klasse 2
Quietschen;das;Quiet-schen;Quiet-schen;Nomen;;;;;Merkwörter Klasse 2
quer;;quer;quer;Adjektiv;;;;;Merkwörter Klasse 2
quetschen;;quet-schen;quet-schen;Verb;;;;;Merkwörter Klasse 2
Quelle;die;Quel-le;Quel-le;Nomen;;;die Stelle, an der ein Bach aus der Erde tritt;An der Quelle beginnt der Bach.;Merkwörter Klasse 2
gleichgültig;;gleich-gül-tig;gleich-gül-tig;Adjektiv;;;;;Merkwörter Klasse 2
Gondel;die;Gon-del;Gon-del;Nomen;;;ein schmales Boot in Venedig;Die Gondel gleitet durch den Kanal.;Merkwörter Klasse 2
keifen;;kei-fen;kei-fen;Verb;;;;;Merkwörter Klasse 2
Gauner;der;Gau-ner;Gau-ner;Nomen;;;jemand, der andere betrügt;Der Gauner wurde von der Polizei gestellt.;Merkwörter Klasse 2
Leukoplast;das;Leu-ko-plast;Leu-ko-plast;Nomen;;;;;Merkwörter Klasse 2
Rum;der;Rum;Rum;Nomen;;;;;Merkwörter Klasse 2
schikanieren;;schi-ka-nie-ren;schi-ka-nie-ren;Verb;;;;;Merkwörter Klasse 2
Mai;der;Mai;Mai;Nomen;;;;;Merkwörter Klasse 2
Hai;der;Hai;Hai;Nomen;;;;;Merkwörter Klasse 2
Laich;der;Laich;Laich;Nomen;;;die Eier von Fröschen und Fischen im Wasser;Im Teich schwimmt der Laich der Frösche.;Merkwörter Klasse 2
Kaiser;der;Kai-ser;Kai-ser;Nomen;;;;;Merkwörter Klasse 2
Taifun;der;Tai-fun;Tai-fun;Nomen;;;ein sehr starker Wirbelsturm in Asien;Der Taifun brachte heftigen Regen.;Merkwörter Klasse 2
Laib;der;Laib;Laib;Nomen;;;ein ganzes rundes Brot;Der Bäcker holt einen Laib Brot aus dem Ofen.;Merkwörter Klasse 2
Saite;die;Sai-te;Sai-te;Nomen;;;eine gespannte Schnur an einem Musikinstrument;Auf der Gitarre ist eine Saite gerissen.;Merkwörter Klasse 2
Sohn;der;Sohn;Sohn;Nomen;;;;;Merkwörter Klasse 2
Gefahr;die;Ge-fahr;Ge-fahr;Nomen;;;;;Merkwörter Klasse 2
Ohr;das;Ohr;Ohr;Nomen;;;;;Merkwörter Klasse 2
Uhr;die;Uhr;Uhr;Nomen;;;;;Merkwörter Klasse 2
Mehl;das;Mehl;Mehl;Nomen;;;;;Merkwörter Klasse 2
Huhn;das;Huhn;Huhn;Nomen;;;;;Merkwörter Klasse 2
Sahne;die;Sah-ne;Sah-ne;Nomen;;;;;Merkwörter Klasse 2
Ruhm;der;Ruhm;Ruhm;Nomen;;;wenn jemand sehr bekannt und berühmt ist;Der Sänger genießt seinen Ruhm.;Merkwörter Klasse 2
obwohl;;ob-wohl;ob-wohl;anderes;;;;;Merkwörter Klasse 2
ehrlich;;ehr-lich;ehr-lich;Adjektiv;;;;;Merkwörter Klasse 2
fahren;;fah-ren;fah-ren;Verb;;;;;Merkwörter Klasse 2
fehlen;;feh-len;feh-len;Verb;;;;;Merkwörter Klasse 2
Stuhl;der;Stuhl;Stuhl;Nomen;;;;;Merkwörter Klasse 2
Zahn;der;Zahn;Zahn;Nomen;;;;;Merkwörter Klasse 2
Gefühl;das;Ge-fühl;Ge-fühl;Nomen;;;;;Merkwörter Klasse 2
Zahl;die;Zahl;Zahl;Nomen;;;;;Merkwörter Klasse 2
Lohn;der;Lohn;Lohn;Nomen;;;;;Merkwörter Klasse 2
Fohlen;das;Foh-len;Foh-len;Nomen;;;ein junges Pferd;Das Fohlen läuft neben seiner Mutter.;Merkwörter Klasse 2
Wahl;die;Wahl;Wahl;Nomen;;;;;Merkwörter Klasse 2
Fehler;der;Feh-ler;Feh-ler;Nomen;;;;;Merkwörter Klasse 2
Fahne;die;Fah-ne;Fah-ne;Nomen;;;;;Merkwörter Klasse 2
Hahn;der;Hahn;Hahn;Nomen;;;;;Merkwörter Klasse 2
wohnen;;woh-nen;woh-nen;Verb;;;;;Merkwörter Klasse 2
sehr;;sehr;sehr;anderes;;;;;Merkwörter Klasse 2
hohl;;hohl;hohl;Adjektiv;;;;;Merkwörter Klasse 2
belohnen;;be-loh-nen;be-loh-nen;Verb;;;;;Merkwörter Klasse 2
Schiene;die;Schie-ne;Schie-ne;Nomen;;;;;Merkwörter Klasse 2
Spiegel;der;Spie-gel;Spie-gel;Nomen;;;;;Merkwörter Klasse 2
frieren;;frie-ren;frie-ren;Verb;;;;;Merkwörter Klasse 2
lieben;;lie-ben;lie-ben;Verb;;;;;Merkwörter Klasse 2
ziemlich;;ziem-lich;ziem-lich;Adjektiv;;;;;Merkwörter Klasse 2
sieben;;sie-ben;sie-ben;Zahlwort;;;;;Merkwörter Klasse 2
Tier;das;Tier;Tier;Nomen;;;;;Merkwörter Klasse 2
schwierig;;schwie-rig;schwie-rig;Adjektiv;;;;;Merkwörter Klasse 2
verlieren;;ver-lie-ren;ver-lie-ren;Verb;;;;;Merkwörter Klasse 2
nie;;nie;nie;anderes;;;;;Merkwörter Klasse 2
Beispiel;das;Bei-spiel;Bei-spiel;Nomen;;;;;Merkwörter Klasse 2
Frieden;der;Frie-den;Frie-den;Nomen;;;;;Merkwörter Klasse 2
Kiefer;die;Kie-fer;Kie-fer;Nomen;;;ein Nadelbaum mit langen Nadeln;Die Kiefer wächst auf sandigem Boden.;Merkwörter Klasse 2
Miete;die;Mie-te;Mie-te;Nomen;;;das Geld, das man jeden Monat für eine Wohnung bezahlt;Meine Eltern zahlen am Ersten die Miete.;Merkwörter Klasse 2
Tiefe;die;Tie-fe;Tie-fe;Nomen;;;;;Merkwörter Klasse 2
Ziel;das;Ziel;Ziel;Nomen;;;;;Merkwörter Klasse 2
Krieg;der;Krieg;Krieg;Nomen;;;;;Merkwörter Klasse 2
Spiel;das;Spiel;Spiel;Nomen;;;;;Merkwörter Klasse 2
Stiel;der;Stiel;Stiel;Nomen;;;der lange dünne Griff an einem Werkzeug oder an einer Blume;Der Besen hat einen langen Stiel.;Merkwörter Klasse 2
Rosine;die;Ro-si-ne;Ro-si-ne;Nomen;;;;;Merkwörter Klasse 2
Apfelsine;die;Ap-fel-si-ne;Ap-fel-si-ne;Nomen;;;;;Merkwörter Klasse 2
Maschine;die;Ma-schi-ne;Ma-schi-ne;Nomen;;;;;Merkwörter Klasse 2
Kabine;die;Ka-bi-ne;Ka-bi-ne;Nomen;;;;;Merkwörter Klasse 2
Vitamine;die;Vi-ta-mi-ne;Vi-ta-mi-ne;Nomen;;;;;Merkwörter Klasse 2
Kusine;die;Ku-si-ne;Ku-si-ne;Nomen;;;die Tochter von Onkel oder Tante;Meine Kusine wohnt in Hamburg.;Merkwörter Klasse 2
Margarine;die;Mar-ga-ri-ne;Mar-ga-ri-ne;Nomen;;;ein Streichfett aus Pflanzenöl;Auf das Brot kommt etwas Margarine.;Merkwörter Klasse 2
